iter	RMSE
0	1.291494871
1	1.201662726
2	1.132407847
3	1.075440489
4	1.037780525
5	1.003080019
6	0.9756000114
7	0.9485556716
8	0.9366343534
9	0.9185806314
10	0.8995466985
11	0.8833375862
12	0.8672003812
13	0.8545837361
14	0.8448696137
15	0.8364361739
16	0.8213245277
17	0.8115742403
18	0.7930338935
19	0.7810312003
20	0.7670400382
21	0.7575271842
22	0.7418522885
23	0.725552684
