iter	RMSE
0	1.320880448
1	1.224686544
2	1.1610454
3	1.111171914
4	1.088122902
5	1.042108296
6	1.008906084
7	0.9884464851
8	0.9687448401
9	0.9470700698
10	0.925239344
11	0.914074441
12	0.8938233815
13	0.8814546522
14	0.8689758798
15	0.8584920153
16	0.8334021458
17	0.8185859928
