iter	RMSE
0	1.312157072
1	1.214187845
2	1.149542957
3	1.095931385
4	1.071638581
5	1.034500463
6	1.007868281
7	0.9831566802
8	0.9614771475
9	0.9374168578
10	0.9222353685
11	0.9033350214
12	0.8853821337
13	0.8698776936
14	0.8591049487
15	0.8507273695
16	0.8349140165
17	0.8229120361
18	0.8048772919
19	0.7941767125
20	0.7829391177
21	0.7719279263
22	0.7615111499
23	0.752221697
24	0.7334637155
25	0.7229950056
26	0.7099729384
