iter	RMSE
0	1.289003113
1	1.187885614
2	1.130016107
3	1.075910932
4	1.040266721
5	1.003443176
6	0.9783922577
7	0.9543426074
8	0.9369807871
9	0.9198971997
10	0.9020995194
11	0.8906189942
12	0.8745156859
13	0.8608941113
14	0.8464708455
15	0.8331128793
16	0.8194175415
17	0.8100420894
18	0.7955652565
19	0.7908371201
20	0.7773904783
21	0.7635619412
22	0.750853894
23	0.7327272992
24	0.71631899
25	0.7055437716
26	0.693883134
27	0.6754208107
28	0.6659524259
29	0.648870055
