iter	RMSE
0	1.305832849
1	1.210143315
2	1.148099069
3	1.104189793
4	1.069466012
5	1.033926198
6	1.010572483
7	0.9850268782
8	0.9650191235
9	0.9493350993
10	0.9179597945
11	0.9049779134
12	0.8868291993
13	0.8724768461
14	0.862943362
15	0.8490679431
16	0.8297619164
17	0.8136851395
18	0.7981489356
19	0.7900064163
